<?xml version="1.0" encoding="utf-8" standalone="yes" ?>
<rss version="2.0" xmlns:atom="http://www.w3.org/2005/Atom">
  <channel>
    <title>Robertson A. on SMASH</title>
    <link>https://smash.inf.ed.ac.uk/authors/robertson-a./</link>
    <description>Recent content in Robertson A. on SMASH</description>
    <generator>Hugo -- gohugo.io</generator>
    <language>en-us</language>
    <lastBuildDate>Thu, 30 May 2019 01:00:00 +0100</lastBuildDate>
    
	<atom:link href="https://smash.inf.ed.ac.uk/authors/robertson-a./index.xml" rel="self" type="application/rss+xml" />
    
    
    <item>
      <title> Understanding Referential Aspects of Skin-toned Emoji on Social Media</title>
      <link>https://smash.inf.ed.ac.uk/publication/alex_ic2_s2/</link>
      <pubDate>Thu, 30 May 2019 01:00:00 +0100</pubDate>
      
      <guid>https://smash.inf.ed.ac.uk/publication/alex_ic2_s2/</guid>
      <description></description>
    </item>
    
  </channel>
</rss>