<?xml version="1.0" encoding="utf-8" standalone="yes" ?>
<rss version="2.0" xmlns:atom="http://www.w3.org/2005/Atom">
  <channel>
    <title>Collaborators on SMASH</title>
    <link>https://smash.inf.ed.ac.uk/tags/collaborators/</link>
    <description>Recent content in Collaborators on SMASH</description>
    <generator>Hugo -- gohugo.io</generator>
    <language>en-us</language>
    <lastBuildDate>Sun, 20 Jan 2019 17:07:01 +0000</lastBuildDate>
    
	<atom:link href="https://smash.inf.ed.ac.uk/tags/collaborators/index.xml" rel="self" type="application/rss+xml" />
    
    
    <item>
      <title>Kami Vaniea</title>
      <link>https://smash.inf.ed.ac.uk/people/kami/</link>
      <pubDate>Sun, 20 Jan 2019 17:07:01 +0000</pubDate>
      
      <guid>https://smash.inf.ed.ac.uk/people/kami/</guid>
      <description></description>
    </item>
    
    <item>
      <title>Bonnie Webber</title>
      <link>https://smash.inf.ed.ac.uk/people/bonnie/</link>
      <pubDate>Sat, 19 Jan 2019 17:07:01 +0000</pubDate>
      
      <guid>https://smash.inf.ed.ac.uk/people/bonnie/</guid>
      <description></description>
    </item>
    
    <item>
      <title>Maria Wolters</title>
      <link>https://smash.inf.ed.ac.uk/people/maria/</link>
      <pubDate>Sat, 19 Jan 2019 17:07:01 +0000</pubDate>
      
      <guid>https://smash.inf.ed.ac.uk/people/maria/</guid>
      <description></description>
    </item>
    
    <item>
      <title>Sharon Goldwater</title>
      <link>https://smash.inf.ed.ac.uk/people/sharon/</link>
      <pubDate>Sat, 19 Jan 2019 17:07:01 +0000</pubDate>
      
      <guid>https://smash.inf.ed.ac.uk/people/sharon/</guid>
      <description></description>
    </item>
    
  </channel>
</rss>