<?xml version="1.0" encoding="utf-8" standalone="yes" ?>
<rss version="2.0" xmlns:atom="http://www.w3.org/2005/Atom">
  <channel>
    <title>Recent &amp; Upcoming Talks on SMASH</title>
    <link>https://smash.inf.ed.ac.uk/talk/</link>
    <description>Recent content in Recent &amp; Upcoming Talks on SMASH</description>
    <generator>Hugo -- gohugo.io</generator>
    <language>en-us</language>
    
	<atom:link href="https://smash.inf.ed.ac.uk/talk/index.xml" rel="self" type="application/rss+xml" />
    
    
  </channel>
</rss>