<?xml version="1.0" encoding="utf-8" standalone="yes" ?>
<rss version="2.0" xmlns:atom="http://www.w3.org/2005/Atom">
  <channel>
    <title>Alexander Robertson on SMASH</title>
    <link>https://smash.inf.ed.ac.uk/authors/alexander-robertson/</link>
    <description>Recent content in Alexander Robertson on SMASH</description>
    <generator>Hugo -- gohugo.io</generator>
    <language>en-us</language>
    <lastBuildDate>Wed, 28 Mar 2018 00:00:00 +0100</lastBuildDate>
    
	<atom:link href="https://smash.inf.ed.ac.uk/authors/alexander-robertson/index.xml" rel="self" type="application/rss+xml" />
    
    
    <item>
      <title>Self-Representation on Twitter Using Emoji Skin Color Modifiers</title>
      <link>https://smash.inf.ed.ac.uk/publication/alex/</link>
      <pubDate>Wed, 28 Mar 2018 00:00:00 +0100</pubDate>
      
      <guid>https://smash.inf.ed.ac.uk/publication/alex/</guid>
      <description></description>
    </item>
    
  </channel>
</rss>