<?xml version="1.0" encoding="utf-8" standalone="yes" ?>
<rss version="2.0" xmlns:atom="http://www.w3.org/2005/Atom">
  <channel>
    <title>Homes on SMASH</title>
    <link>https://smash.inf.ed.ac.uk/home/</link>
    <description>Recent content in Homes on SMASH</description>
    <generator>Hugo -- gohugo.io</generator>
    <language>en-us</language>
    <lastBuildDate>Sun, 20 Jan 2019 00:00:00 +0000</lastBuildDate>
    
	<atom:link href="https://smash.inf.ed.ac.uk/home/index.xml" rel="self" type="application/rss+xml" />
    
    
    <item>
      <title></title>
      <link>https://smash.inf.ed.ac.uk/home/slider/</link>
      <pubDate>Mon, 01 Jan 0001 00:00:00 +0000</pubDate>
      
      <guid>https://smash.inf.ed.ac.uk/home/slider/</guid>
      <description></description>
    </item>
    
    <item>
      <title>Academic</title>
      <link>https://smash.inf.ed.ac.uk/home/hero/</link>
      <pubDate>Mon, 01 Jan 0001 00:00:00 +0000</pubDate>
      
      <guid>https://smash.inf.ed.ac.uk/home/hero/</guid>
      <description>The Best Way to Create the Website You Want from Markdown (or RStudio/Jupyter)
Build Anything with Widgets
Star</description>
    </item>
    
    <item>
      <title></title>
      <link>https://smash.inf.ed.ac.uk/home/about/</link>
      <pubDate>Mon, 01 Jan 0001 00:00:00 +0000</pubDate>
      
      <guid>https://smash.inf.ed.ac.uk/home/about/</guid>
      <description></description>
    </item>
    
    <item>
      <title>People</title>
      <link>https://smash.inf.ed.ac.uk/home/people/</link>
      <pubDate>Sun, 20 Jan 2019 00:00:00 +0000</pubDate>
      
      <guid>https://smash.inf.ed.ac.uk/home/people/</guid>
      <description></description>
    </item>
    
    <item>
      <title>Skills</title>
      <link>https://smash.inf.ed.ac.uk/home/skills/</link>
      <pubDate>Mon, 01 Jan 0001 00:00:00 +0000</pubDate>
      
      <guid>https://smash.inf.ed.ac.uk/home/skills/</guid>
      <description></description>
    </item>
    
    <item>
      <title>Experience</title>
      <link>https://smash.inf.ed.ac.uk/home/experience/</link>
      <pubDate>Mon, 01 Jan 0001 00:00:00 +0000</pubDate>
      
      <guid>https://smash.inf.ed.ac.uk/home/experience/</guid>
      <description></description>
    </item>
    
    <item>
      <title>Recent Publications</title>
      <link>https://smash.inf.ed.ac.uk/home/publications/</link>
      <pubDate>Mon, 01 Jan 0001 00:00:00 +0000</pubDate>
      
      <guid>https://smash.inf.ed.ac.uk/home/publications/</guid>
      <description> Quickly discover relevant content by [filtering publications](https://smash.inf.ed.ac.uk/publication/).   </description>
    </item>
    
    <item>
      <title>Recent &amp; Upcoming Talks</title>
      <link>https://smash.inf.ed.ac.uk/home/talks/</link>
      <pubDate>Mon, 01 Jan 0001 00:00:00 +0000</pubDate>
      
      <guid>https://smash.inf.ed.ac.uk/home/talks/</guid>
      <description></description>
    </item>
    
    <item>
      <title>Recent Posts</title>
      <link>https://smash.inf.ed.ac.uk/home/posts/</link>
      <pubDate>Mon, 01 Jan 0001 00:00:00 +0000</pubDate>
      
      <guid>https://smash.inf.ed.ac.uk/home/posts/</guid>
      <description></description>
    </item>
    
    <item>
      <title>Projects</title>
      <link>https://smash.inf.ed.ac.uk/home/projects/</link>
      <pubDate>Mon, 01 Jan 0001 00:00:00 +0000</pubDate>
      
      <guid>https://smash.inf.ed.ac.uk/home/projects/</guid>
      <description></description>
    </item>
    
    <item>
      <title>Custom Section</title>
      <link>https://smash.inf.ed.ac.uk/home/teaching/</link>
      <pubDate>Mon, 01 Jan 0001 00:00:00 +0000</pubDate>
      
      <guid>https://smash.inf.ed.ac.uk/home/teaching/</guid>
      <description>This is an example of using the *custom* widget to create your own homepage section. This section also demonstrates how to apply the *background* option to create an *image parallax* effect. Backgrounds can be applied to any section.   To remove this section, either delete content/home/teaching.md or edit the front matter of the file to deactivate the widget by setting active = false.</description>
    </item>
    
    <item>
      <title>Featured Publications</title>
      <link>https://smash.inf.ed.ac.uk/home/publications_featured/</link>
      <pubDate>Mon, 01 Jan 0001 00:00:00 +0000</pubDate>
      
      <guid>https://smash.inf.ed.ac.uk/home/publications_featured/</guid>
      <description></description>
    </item>
    
    <item>
      <title>Popular Topics</title>
      <link>https://smash.inf.ed.ac.uk/home/tags/</link>
      <pubDate>Mon, 01 Jan 0001 00:00:00 +0000</pubDate>
      
      <guid>https://smash.inf.ed.ac.uk/home/tags/</guid>
      <description></description>
    </item>
    
    <item>
      <title>Contact</title>
      <link>https://smash.inf.ed.ac.uk/home/contact/</link>
      <pubDate>Mon, 01 Jan 0001 00:00:00 +0000</pubDate>
      
      <guid>https://smash.inf.ed.ac.uk/home/contact/</guid>
      <description></description>
    </item>
    
  </channel>
</rss>