<?xml version="1.0" encoding="utf-8" standalone="yes" ?>
<rss version="2.0" xmlns:atom="http://www.w3.org/2005/Atom">
  <channel>
    <title>Lushi Chen on SMASH</title>
    <link>https://smash.inf.ed.ac.uk/authors/lushi-chen/</link>
    <description>Recent content in Lushi Chen on SMASH</description>
    <generator>Hugo -- gohugo.io</generator>
    <language>en-us</language>
    <lastBuildDate>Thu, 28 Mar 2019 00:00:00 +0000</lastBuildDate>
    
	<atom:link href="https://smash.inf.ed.ac.uk/authors/lushi-chen/index.xml" rel="self" type="application/rss+xml" />
    
    
    <item>
      <title>Similar Minds Post Alike: Assessment of Suicide Risk by Hybrid Language and Behavioral Model</title>
      <link>https://smash.inf.ed.ac.uk/publication/lucia_abeer/</link>
      <pubDate>Thu, 28 Mar 2019 00:00:00 +0000</pubDate>
      
      <guid>https://smash.inf.ed.ac.uk/publication/lucia_abeer/</guid>
      <description></description>
    </item>
    
  </channel>
</rss>