<?xml version="1.0" encoding="utf-8" standalone="yes" ?>
<rss version="2.0" xmlns:atom="http://www.w3.org/2005/Atom">
  <channel>
    <title>Abu Farha I on SMASH</title>
    <link>https://smash.inf.ed.ac.uk/authors/abu-farha-i/</link>
    <description>Recent content in Abu Farha I on SMASH</description>
    <generator>Hugo -- gohugo.io</generator>
    <language>en-us</language>
    <lastBuildDate>Mon, 27 May 2019 00:00:00 +0100</lastBuildDate>
    
	<atom:link href="https://smash.inf.ed.ac.uk/authors/abu-farha-i/index.xml" rel="self" type="application/rss+xml" />
    
    
    <item>
      <title>Mazajak: An Online Arabic Sentiment Analyser</title>
      <link>https://smash.inf.ed.ac.uk/publication/abufarha/</link>
      <pubDate>Mon, 27 May 2019 00:00:00 +0100</pubDate>
      
      <guid>https://smash.inf.ed.ac.uk/publication/abufarha/</guid>
      <description></description>
    </item>
    
  </channel>
</rss>