<?xml version="1.0" encoding="utf-8" standalone="yes" ?>
<rss version="2.0" xmlns:atom="http://www.w3.org/2005/Atom">
  <channel>
    <title>Authors on SMASH</title>
    <link>https://smash.inf.ed.ac.uk/authors/</link>
    <description>Recent content in Authors on SMASH</description>
    <generator>Hugo -- gohugo.io</generator>
    <language>en-us</language>
    <lastBuildDate>Sat, 03 Aug 2019 00:00:00 +0100</lastBuildDate>
    
	<atom:link href="https://smash.inf.ed.ac.uk/authors/index.xml" rel="self" type="application/rss+xml" />
    
    
    <item>
      <title>F. Scholer</title>
      <link>https://smash.inf.ed.ac.uk/authors/f.-scholer/</link>
      <pubDate>Sat, 03 Aug 2019 00:00:00 +0100</pubDate>
      
      <guid>https://smash.inf.ed.ac.uk/authors/f.-scholer/</guid>
      <description></description>
    </item>
    
    <item>
      <title>M. Sanderson</title>
      <link>https://smash.inf.ed.ac.uk/authors/m.-sanderson/</link>
      <pubDate>Sat, 03 Aug 2019 00:00:00 +0100</pubDate>
      
      <guid>https://smash.inf.ed.ac.uk/authors/m.-sanderson/</guid>
      <description></description>
    </item>
    
    <item>
      <title>Mourad A.</title>
      <link>https://smash.inf.ed.ac.uk/authors/mourad-a./</link>
      <pubDate>Sat, 03 Aug 2019 00:00:00 +0100</pubDate>
      
      <guid>https://smash.inf.ed.ac.uk/authors/mourad-a./</guid>
      <description></description>
    </item>
    
    <item>
      <title>W. Magdy </title>
      <link>https://smash.inf.ed.ac.uk/authors/w.-magdy/</link>
      <pubDate>Sat, 03 Aug 2019 00:00:00 +0100</pubDate>
      
      <guid>https://smash.inf.ed.ac.uk/authors/w.-magdy/</guid>
      <description></description>
    </item>
    
    <item>
      <title>Aldayel. A</title>
      <link>https://smash.inf.ed.ac.uk/authors/aldayel.-a/</link>
      <pubDate>Fri, 02 Aug 2019 00:00:00 +0100</pubDate>
      
      <guid>https://smash.inf.ed.ac.uk/authors/aldayel.-a/</guid>
      <description></description>
    </item>
    
    <item>
      <title>Oprea S.</title>
      <link>https://smash.inf.ed.ac.uk/authors/oprea-s./</link>
      <pubDate>Wed, 03 Jul 2019 00:00:00 +0100</pubDate>
      
      <guid>https://smash.inf.ed.ac.uk/authors/oprea-s./</guid>
      <description></description>
    </item>
    
    <item>
      <title>Al Hariri Y.</title>
      <link>https://smash.inf.ed.ac.uk/authors/al-hariri-y./</link>
      <pubDate>Tue, 02 Jul 2019 00:00:00 +0100</pubDate>
      
      <guid>https://smash.inf.ed.ac.uk/authors/al-hariri-y./</guid>
      <description></description>
    </item>
    
    <item>
      <title>M. Wolters</title>
      <link>https://smash.inf.ed.ac.uk/authors/m.-wolters/</link>
      <pubDate>Tue, 02 Jul 2019 00:00:00 +0100</pubDate>
      
      <guid>https://smash.inf.ed.ac.uk/authors/m.-wolters/</guid>
      <description></description>
    </item>
    
    <item>
      <title>Chen L.</title>
      <link>https://smash.inf.ed.ac.uk/authors/chen-l./</link>
      <pubDate>Fri, 31 May 2019 00:00:00 +0100</pubDate>
      
      <guid>https://smash.inf.ed.ac.uk/authors/chen-l./</guid>
      <description></description>
    </item>
    
    <item>
      <title>Robertson A.</title>
      <link>https://smash.inf.ed.ac.uk/authors/robertson-a./</link>
      <pubDate>Thu, 30 May 2019 01:00:00 +0100</pubDate>
      
      <guid>https://smash.inf.ed.ac.uk/authors/robertson-a./</guid>
      <description></description>
    </item>
    
    <item>
      <title>Aldayel A</title>
      <link>https://smash.inf.ed.ac.uk/authors/aldayel-a/</link>
      <pubDate>Wed, 29 May 2019 00:00:00 +0100</pubDate>
      
      <guid>https://smash.inf.ed.ac.uk/authors/aldayel-a/</guid>
      <description></description>
    </item>
    
    <item>
      <title>A. Elmadany</title>
      <link>https://smash.inf.ed.ac.uk/authors/a.-elmadany/</link>
      <pubDate>Tue, 28 May 2019 00:00:00 +0100</pubDate>
      
      <guid>https://smash.inf.ed.ac.uk/authors/a.-elmadany/</guid>
      <description></description>
    </item>
    
    <item>
      <title>Algotiml B.</title>
      <link>https://smash.inf.ed.ac.uk/authors/algotiml-b./</link>
      <pubDate>Tue, 28 May 2019 00:00:00 +0100</pubDate>
      
      <guid>https://smash.inf.ed.ac.uk/authors/algotiml-b./</guid>
      <description></description>
    </item>
    
    <item>
      <title>Abu Farha I</title>
      <link>https://smash.inf.ed.ac.uk/authors/abu-farha-i/</link>
      <pubDate>Mon, 27 May 2019 00:00:00 +0100</pubDate>
      
      <guid>https://smash.inf.ed.ac.uk/authors/abu-farha-i/</guid>
      <description></description>
    </item>
    
    <item>
      <title>Abeer Aldayel</title>
      <link>https://smash.inf.ed.ac.uk/authors/abeer-aldayel/</link>
      <pubDate>Thu, 28 Mar 2019 00:00:00 +0000</pubDate>
      
      <guid>https://smash.inf.ed.ac.uk/authors/abeer-aldayel/</guid>
      <description></description>
    </item>
    
    <item>
      <title>Lushi Chen</title>
      <link>https://smash.inf.ed.ac.uk/authors/lushi-chen/</link>
      <pubDate>Thu, 28 Mar 2019 00:00:00 +0000</pubDate>
      
      <guid>https://smash.inf.ed.ac.uk/authors/lushi-chen/</guid>
      <description></description>
    </item>
    
    <item>
      <title>Nikolay Bogoychev</title>
      <link>https://smash.inf.ed.ac.uk/authors/nikolay-bogoychev/</link>
      <pubDate>Thu, 28 Mar 2019 00:00:00 +0000</pubDate>
      
      <guid>https://smash.inf.ed.ac.uk/authors/nikolay-bogoychev/</guid>
      <description></description>
    </item>
    
    <item>
      <title>Tao Gong</title>
      <link>https://smash.inf.ed.ac.uk/authors/tao-gong/</link>
      <pubDate>Thu, 28 Mar 2019 00:00:00 +0000</pubDate>
      
      <guid>https://smash.inf.ed.ac.uk/authors/tao-gong/</guid>
      <description></description>
    </item>
    
    <item>
      <title>Alexander Robertson</title>
      <link>https://smash.inf.ed.ac.uk/authors/alexander-robertson/</link>
      <pubDate>Wed, 28 Mar 2018 00:00:00 +0100</pubDate>
      
      <guid>https://smash.inf.ed.ac.uk/authors/alexander-robertson/</guid>
      <description></description>
    </item>
    
    <item>
      <title>Sharon Goldwater</title>
      <link>https://smash.inf.ed.ac.uk/authors/sharon-goldwater/</link>
      <pubDate>Wed, 28 Mar 2018 00:00:00 +0100</pubDate>
      
      <guid>https://smash.inf.ed.ac.uk/authors/sharon-goldwater/</guid>
      <description></description>
    </item>
    
    <item>
      <title>Walid Magdy</title>
      <link>https://smash.inf.ed.ac.uk/authors/walid-magdy/</link>
      <pubDate>Wed, 28 Mar 2018 00:00:00 +0100</pubDate>
      
      <guid>https://smash.inf.ed.ac.uk/authors/walid-magdy/</guid>
      <description></description>
    </item>
    
  </channel>
</rss>