<?xml version="1.0" encoding="utf-8" standalone="yes" ?>
<rss version="2.0" xmlns:atom="http://www.w3.org/2005/Atom">
  <channel>
    <title>Overview on SMASH</title>
    <link>https://smash.inf.ed.ac.uk/media/</link>
    <description>Recent content in Overview on SMASH</description>
    <generator>Hugo -- gohugo.io</generator>
    <language>en-us</language>
    <lastBuildDate>Sun, 09 Sep 2018 00:00:00 +0100</lastBuildDate>
    
	<atom:link href="https://smash.inf.ed.ac.uk/media/index.xml" rel="self" type="application/rss+xml" />
    
    
  </channel>
</rss>