<rss version="2.0" xmlns:atom="http://www.w3.org/2005/Atom">
  <channel>
    <title>SMASH on SMASH</title>
    <link>https://smash.inf.ed.ac.uk/</link>
    <description>Recent content in SMASH on SMASH</description>
    <generator>Hugo -- gohugo.io</generator>
    <language>en-us</language>
    <lastBuildDate>Sat, 17 Aug 2019 17:07:01 +0100</lastBuildDate>
    <atom:link href="/" rel="self" type="application/rss+xml" />
    
    <item>
      <title>Peoples</title>
      <link>https://smash.inf.ed.ac.uk/people/</link>
      <pubDate>Sat, 17 Aug 2019 17:07:01 +0100</pubDate>
      
      <guid>https://smash.inf.ed.ac.uk/people/</guid>
      <description></description>
    </item>
    
    <item>
      <title>Publications</title>
      <link>https://smash.inf.ed.ac.uk/publication/</link>
      <pubDate>Sat, 03 Aug 2019 00:00:00 +0100</pubDate>
      
      <guid>https://smash.inf.ed.ac.uk/publication/</guid>
      <description></description>
    </item>
    
    <item>
      <title>Overview</title>
      <link>https://smash.inf.ed.ac.uk/media/</link>
      <pubDate>Sun, 09 Sep 2018 00:00:00 +0100</pubDate>
      
      <guid>https://smash.inf.ed.ac.uk/media/</guid>
      <description>

&lt;h2 id=&#34;papers&#34;&gt;Papers&lt;/h2&gt;

&lt;pre&gt;&lt;code&gt;Aldayel A. and W. Magdy. Your Stance is Exposed! Analysing Possible Factors for Stance Detection on Social Media. CSCW 2019
Robertson A., W. Magdy, S. Goldwater. Self-Representation on Twitter Using Emoji Skin Color Modifiers. ICWSM 2018. arXiv
&lt;/code&gt;&lt;/pre&gt;

&lt;h2 id=&#34;articles&#34;&gt;Articles&lt;/h2&gt;

&lt;pre&gt;&lt;code&gt;How people&#39;s stance on a topic can be inferred from their online activity

National Geographic: How Diverse Emojis Encourage More Social Inclusion
BBC: Emoji skin tone options &#39;being used positively&#39;
The Telegraph: Skin tone emoji boost inclusion on social media, study shows
RTE: Emojis successful in representing diversity - study
The Herald: Darker emoji skin tones promote diversity, Twitter study shows
The Sun: Darker skin tone emojis &#39;rarely abused in a racist way on Twitter&#39; according to Scottish study
The Irish News: Emojis successful in representing diversity � study
Bussiness Standard: Diverse skin tone emojis boost inclusion: Twitter study
Eurek Alert: Darker emoji skin tones promote diversity, Twitter study shows
BT News: Emojis successfully represent diversity, study says
Market Watch: Darker emoji skin tones promote diversity, not racism, on Twitter
La Naci�n (Spanish): Emojis con diferentes tonos de piel promueven la diversidad
&lt;/code&gt;&lt;/pre&gt;
</description>
    </item>
    
    <item>
      <title>Overview</title>
      <link>https://smash.inf.ed.ac.uk/tutorial/</link>
      <pubDate>Sun, 09 Sep 2018 00:00:00 +0100</pubDate>
      
      <guid>https://smash.inf.ed.ac.uk/tutorial/</guid>
      <description>

&lt;h2 id=&#34;mazajak&#34;&gt;Mazajak:&lt;/h2&gt;

&lt;p&gt;A Dialect Arabic Sentiment Analyser
 Online tool: &lt;a href=&#34;http://mazajak.inf.ed.ac.uk:8000/&#34; target=&#34;_blank&#34;&gt;http://mazajak.inf.ed.ac.uk:8000/&lt;/a&gt;.&lt;/p&gt;

&lt;h2 id=&#34;related-publications&#34;&gt;Related Publications:&lt;/h2&gt;

&lt;p&gt;Abu Farha I. and W. Magdy. Mazajak: An Online Arabic Sentiment Analyser. WANLP - ACL 2019&lt;/p&gt;
</description>
    </item>
    
    <item>
      <title>Authors</title>
      <link>https://smash.inf.ed.ac.uk/author/</link>
      <pubDate>Mon, 01 Jan 0001 00:00:00 +0000</pubDate>
      
      <guid>https://smash.inf.ed.ac.uk/author/</guid>
      <description></description>
    </item>
    
    <item>
      <title>Posts</title>
      <link>https://smash.inf.ed.ac.uk/post/</link>
      <pubDate>Mon, 01 Jan 0001 00:00:00 +0000</pubDate>
      
      <guid>https://smash.inf.ed.ac.uk/post/</guid>
      <description></description>
    </item>
    
    <item>
      <title>Recent &amp; Upcoming Talks</title>
      <link>https://smash.inf.ed.ac.uk/talk/</link>
      <pubDate>Mon, 01 Jan 0001 00:00:00 +0000</pubDate>
      
      <guid>https://smash.inf.ed.ac.uk/talk/</guid>
      <description></description>
    </item>
    
  </channel>
</rss>
