<?xml version="1.0" encoding="utf-8" standalone="yes" ?>
<rss version="2.0" xmlns:atom="http://www.w3.org/2005/Atom">
  <channel>
    <title>Publications on SMASH</title>
    <link>https://smash.inf.ed.ac.uk/publication/</link>
    <description>Recent content in Publications on SMASH</description>
    <generator>Hugo -- gohugo.io</generator>
    <language>en-us</language>
    <lastBuildDate>Sat, 03 Aug 2019 00:00:00 +0100</lastBuildDate>
    
	<atom:link href="https://smash.inf.ed.ac.uk/publication/index.xml" rel="self" type="application/rss+xml" />
    
    
    <item>
      <title>A Practical Guide for the Effective Evaluation of Twitter User Geolocation</title>
      <link>https://smash.inf.ed.ac.uk/publication/ahmad_j/</link>
      <pubDate>Sat, 03 Aug 2019 00:00:00 +0100</pubDate>
      
      <guid>https://smash.inf.ed.ac.uk/publication/ahmad_j/</guid>
      <description></description>
    </item>
    
    <item>
      <title>Your Stance is Exposed! Analysing Possible Factors for Stance Detection on Social Media</title>
      <link>https://smash.inf.ed.ac.uk/publication/aldayel_cscw/</link>
      <pubDate>Fri, 02 Aug 2019 00:00:00 +0100</pubDate>
      
      <guid>https://smash.inf.ed.ac.uk/publication/aldayel_cscw/</guid>
      <description></description>
    </item>
    
    <item>
      <title>Exploring Author Context for Detecting Intended vs Perceived Sarcasm</title>
      <link>https://smash.inf.ed.ac.uk/publication/solvio_acl/</link>
      <pubDate>Wed, 03 Jul 2019 00:00:00 +0100</pubDate>
      
      <guid>https://smash.inf.ed.ac.uk/publication/solvio_acl/</guid>
      <description></description>
    </item>
    
    <item>
      <title>Arabs and Atheism: Religious Discussions in the Arab Twittersphere</title>
      <link>https://smash.inf.ed.ac.uk/publication/youseef_socinf/</link>
      <pubDate>Tue, 02 Jul 2019 00:00:00 +0100</pubDate>
      
      <guid>https://smash.inf.ed.ac.uk/publication/youseef_socinf/</guid>
      <description></description>
    </item>
    
    <item>
      <title> Assessing Sentiment of the Expressed Stance on Social Media</title>
      <link>https://smash.inf.ed.ac.uk/publication/aldayel_socinfo/</link>
      <pubDate>Mon, 01 Jul 2019 00:00:00 +0100</pubDate>
      
      <guid>https://smash.inf.ed.ac.uk/publication/aldayel_socinfo/</guid>
      <description></description>
    </item>
    
    <item>
      <title>Online Community Engagement when Talking About Infidelity: The Case of Reddit</title>
      <link>https://smash.inf.ed.ac.uk/publication/lucia_is2c2_/</link>
      <pubDate>Fri, 31 May 2019 00:00:00 +0100</pubDate>
      
      <guid>https://smash.inf.ed.ac.uk/publication/lucia_is2c2_/</guid>
      <description></description>
    </item>
    
    <item>
      <title> Understanding Referential Aspects of Skin-toned Emoji on Social Media</title>
      <link>https://smash.inf.ed.ac.uk/publication/alex_ic2_s2/</link>
      <pubDate>Thu, 30 May 2019 01:00:00 +0100</pubDate>
      
      <guid>https://smash.inf.ed.ac.uk/publication/alex_ic2_s2/</guid>
      <description></description>
    </item>
    
    <item>
      <title>It is more than what you Say! Leveraging User Online Activity for Improved Stance Detection</title>
      <link>https://smash.inf.ed.ac.uk/publication/aldayel/</link>
      <pubDate>Wed, 29 May 2019 00:00:00 +0100</pubDate>
      
      <guid>https://smash.inf.ed.ac.uk/publication/aldayel/</guid>
      <description></description>
    </item>
    
    <item>
      <title>Arabic Tweet-Act: Speech Act Recognition for Arabic Asynchronous Conversations</title>
      <link>https://smash.inf.ed.ac.uk/publication/algotimaal/</link>
      <pubDate>Tue, 28 May 2019 00:00:00 +0100</pubDate>
      
      <guid>https://smash.inf.ed.ac.uk/publication/algotimaal/</guid>
      <description></description>
    </item>
    
    <item>
      <title>Mazajak: An Online Arabic Sentiment Analyser</title>
      <link>https://smash.inf.ed.ac.uk/publication/abufarha/</link>
      <pubDate>Mon, 27 May 2019 00:00:00 +0100</pubDate>
      
      <guid>https://smash.inf.ed.ac.uk/publication/abufarha/</guid>
      <description></description>
    </item>
    
    <item>
      <title>Similar Minds Post Alike: Assessment of Suicide Risk by Hybrid Language and Behavioral Model</title>
      <link>https://smash.inf.ed.ac.uk/publication/lucia_abeer/</link>
      <pubDate>Thu, 28 Mar 2019 00:00:00 +0000</pubDate>
      
      <guid>https://smash.inf.ed.ac.uk/publication/lucia_abeer/</guid>
      <description></description>
    </item>
    
    <item>
      <title>Self-Representation on Twitter Using Emoji Skin Color Modifiers</title>
      <link>https://smash.inf.ed.ac.uk/publication/alex/</link>
      <pubDate>Wed, 28 Mar 2018 00:00:00 +0100</pubDate>
      
      <guid>https://smash.inf.ed.ac.uk/publication/alex/</guid>
      <description></description>
    </item>
    
  </channel>
</rss>