<?xml version="1.0" encoding="utf-8" standalone="yes" ?>
<rss version="2.0" xmlns:atom="http://www.w3.org/2005/Atom">
  <channel>
    <title>Peoples on SMASH</title>
    <link>https://smash.inf.ed.ac.uk/people/</link>
    <description>Recent content in Peoples on SMASH</description>
    <generator>Hugo -- gohugo.io</generator>
    <language>en-us</language>
    <lastBuildDate>Sat, 17 Aug 2019 17:07:01 +0100</lastBuildDate>
    
	<atom:link href="https://smash.inf.ed.ac.uk/people/index.xml" rel="self" type="application/rss+xml" />
    
    
    <item>
      <title>Steve Wilson</title>
      <link>https://smash.inf.ed.ac.uk/people/steve_wilson/</link>
      <pubDate>Sat, 17 Aug 2019 17:07:01 +0100</pubDate>
      
      <guid>https://smash.inf.ed.ac.uk/people/steve_wilson/</guid>
      <description></description>
    </item>
    
    <item>
      <title>Walid Magdy</title>
      <link>https://smash.inf.ed.ac.uk/people/walid/</link>
      <pubDate>Fri, 25 Jan 2019 17:07:01 +0000</pubDate>
      
      <guid>https://smash.inf.ed.ac.uk/people/walid/</guid>
      <description></description>
    </item>
    
    <item>
      <title>Kami Vaniea</title>
      <link>https://smash.inf.ed.ac.uk/people/kami/</link>
      <pubDate>Sun, 20 Jan 2019 17:07:01 +0000</pubDate>
      
      <guid>https://smash.inf.ed.ac.uk/people/kami/</guid>
      <description></description>
    </item>
    
    <item>
      <title>Alexandar Robertson</title>
      <link>https://smash.inf.ed.ac.uk/people/alex/</link>
      <pubDate>Sat, 19 Jan 2019 17:07:01 +0000</pubDate>
      
      <guid>https://smash.inf.ed.ac.uk/people/alex/</guid>
      <description></description>
    </item>
    
    <item>
      <title>Bonnie Webber</title>
      <link>https://smash.inf.ed.ac.uk/people/bonnie/</link>
      <pubDate>Sat, 19 Jan 2019 17:07:01 +0000</pubDate>
      
      <guid>https://smash.inf.ed.ac.uk/people/bonnie/</guid>
      <description></description>
    </item>
    
    <item>
      <title>Maria Wolters</title>
      <link>https://smash.inf.ed.ac.uk/people/maria/</link>
      <pubDate>Sat, 19 Jan 2019 17:07:01 +0000</pubDate>
      
      <guid>https://smash.inf.ed.ac.uk/people/maria/</guid>
      <description></description>
    </item>
    
    <item>
      <title>Sharon Goldwater</title>
      <link>https://smash.inf.ed.ac.uk/people/sharon/</link>
      <pubDate>Sat, 19 Jan 2019 17:07:01 +0000</pubDate>
      
      <guid>https://smash.inf.ed.ac.uk/people/sharon/</guid>
      <description></description>
    </item>
    
    <item>
      <title>Lushi Chen</title>
      <link>https://smash.inf.ed.ac.uk/people/lucia/</link>
      <pubDate>Fri, 18 Jan 2019 17:07:01 +0000</pubDate>
      
      <guid>https://smash.inf.ed.ac.uk/people/lucia/</guid>
      <description></description>
    </item>
    
    <item>
      <title>Abeer AlDayel</title>
      <link>https://smash.inf.ed.ac.uk/people/abeer/</link>
      <pubDate>Thu, 17 Jan 2019 17:07:01 +0000</pubDate>
      
      <guid>https://smash.inf.ed.ac.uk/people/abeer/</guid>
      <description></description>
    </item>
    
    <item>
      <title>Mohamed Bahgat</title>
      <link>https://smash.inf.ed.ac.uk/people/mohamad/</link>
      <pubDate>Wed, 16 Jan 2019 16:07:01 +0000</pubDate>
      
      <guid>https://smash.inf.ed.ac.uk/people/mohamad/</guid>
      <description></description>
    </item>
    
    <item>
      <title>Dilara Kekulluoglu</title>
      <link>https://smash.inf.ed.ac.uk/people/dilara/</link>
      <pubDate>Tue, 15 Jan 2019 16:07:01 +0000</pubDate>
      
      <guid>https://smash.inf.ed.ac.uk/people/dilara/</guid>
      <description></description>
    </item>
    
    <item>
      <title>Silviu Oprea</title>
      <link>https://smash.inf.ed.ac.uk/people/silviu/</link>
      <pubDate>Mon, 14 Jan 2019 17:07:01 +0000</pubDate>
      
      <guid>https://smash.inf.ed.ac.uk/people/silviu/</guid>
      <description></description>
    </item>
    
    <item>
      <title>Youssef Al Hariri</title>
      <link>https://smash.inf.ed.ac.uk/people/yousf/</link>
      <pubDate>Sun, 13 Jan 2019 17:07:01 +0000</pubDate>
      
      <guid>https://smash.inf.ed.ac.uk/people/yousf/</guid>
      <description></description>
    </item>
    
  </channel>
</rss>