<?xml version="1.0" encoding="utf-8" standalone="yes" ?>
<rss version="2.0" xmlns:atom="http://www.w3.org/2005/Atom">
  <channel>
    <title>Chen L. on SMASH</title>
    <link>https://smash.inf.ed.ac.uk/authors/chen-l./</link>
    <description>Recent content in Chen L. on SMASH</description>
    <generator>Hugo -- gohugo.io</generator>
    <language>en-us</language>
    <lastBuildDate>Fri, 31 May 2019 00:00:00 +0100</lastBuildDate>
    
	<atom:link href="https://smash.inf.ed.ac.uk/authors/chen-l./index.xml" rel="self" type="application/rss+xml" />
    
    
    <item>
      <title>Online Community Engagement when Talking About Infidelity: The Case of Reddit</title>
      <link>https://smash.inf.ed.ac.uk/publication/lucia_is2c2_/</link>
      <pubDate>Fri, 31 May 2019 00:00:00 +0100</pubDate>
      
      <guid>https://smash.inf.ed.ac.uk/publication/lucia_is2c2_/</guid>
      <description></description>
    </item>
    
  </channel>
</rss>