<?xml version="1.0" encoding="utf-8" standalone="yes" ?>
<rss version="2.0" xmlns:atom="http://www.w3.org/2005/Atom">
  <channel>
    <title>Post-docs on SMASH</title>
    <link>https://smash.inf.ed.ac.uk/tags/post-docs/</link>
    <description>Recent content in Post-docs on SMASH</description>
    <generator>Hugo -- gohugo.io</generator>
    <language>en-us</language>
    <lastBuildDate>Sat, 17 Aug 2019 17:07:01 +0100</lastBuildDate>
    
	<atom:link href="https://smash.inf.ed.ac.uk/tags/post-docs/index.xml" rel="self" type="application/rss+xml" />
    
    
    <item>
      <title>Steve Wilson</title>
      <link>https://smash.inf.ed.ac.uk/people/steve_wilson/</link>
      <pubDate>Sat, 17 Aug 2019 17:07:01 +0100</pubDate>
      
      <guid>https://smash.inf.ed.ac.uk/people/steve_wilson/</guid>
      <description></description>
    </item>
    
  </channel>
</rss>