<?xml version="1.0" encoding="utf-8" standalone="yes" ?>
<rss version="2.0" xmlns:atom="http://www.w3.org/2005/Atom">
  <channel>
    <title>Al Hariri Y. on SMASH</title>
    <link>https://smash.inf.ed.ac.uk/authors/al-hariri-y./</link>
    <description>Recent content in Al Hariri Y. on SMASH</description>
    <generator>Hugo -- gohugo.io</generator>
    <language>en-us</language>
    <lastBuildDate>Tue, 02 Jul 2019 00:00:00 +0100</lastBuildDate>
    
	<atom:link href="https://smash.inf.ed.ac.uk/authors/al-hariri-y./index.xml" rel="self" type="application/rss+xml" />
    
    
    <item>
      <title>Arabs and Atheism: Religious Discussions in the Arab Twittersphere</title>
      <link>https://smash.inf.ed.ac.uk/publication/youseef_socinf/</link>
      <pubDate>Tue, 02 Jul 2019 00:00:00 +0100</pubDate>
      
      <guid>https://smash.inf.ed.ac.uk/publication/youseef_socinf/</guid>
      <description></description>
    </item>
    
  </channel>
</rss>