<?xml version="1.0" encoding="utf-8" standalone="yes" ?>
<rss version="2.0" xmlns:atom="http://www.w3.org/2005/Atom">
  <channel>
    <title>Mourad A. on SMASH</title>
    <link>https://smash.inf.ed.ac.uk/authors/mourad-a./</link>
    <description>Recent content in Mourad A. on SMASH</description>
    <generator>Hugo -- gohugo.io</generator>
    <language>en-us</language>
    <lastBuildDate>Sat, 03 Aug 2019 00:00:00 +0100</lastBuildDate>
    
	<atom:link href="https://smash.inf.ed.ac.uk/authors/mourad-a./index.xml" rel="self" type="application/rss+xml" />
    
    
    <item>
      <title>A Practical Guide for the Effective Evaluation of Twitter User Geolocation</title>
      <link>https://smash.inf.ed.ac.uk/publication/ahmad_j/</link>
      <pubDate>Sat, 03 Aug 2019 00:00:00 +0100</pubDate>
      
      <guid>https://smash.inf.ed.ac.uk/publication/ahmad_j/</guid>
      <description></description>
    </item>
    
  </channel>
</rss>