<?xml version="1.0" encoding="utf-8" standalone="yes" ?>
<rss version="2.0" xmlns:atom="http://www.w3.org/2005/Atom">
  <channel>
    <title>Director on SMASH</title>
    <link>https://smash.inf.ed.ac.uk/tags/director/</link>
    <description>Recent content in Director on SMASH</description>
    <generator>Hugo -- gohugo.io</generator>
    <language>en-us</language>
    <lastBuildDate>Fri, 25 Jan 2019 17:07:01 +0000</lastBuildDate>
    
	<atom:link href="https://smash.inf.ed.ac.uk/tags/director/index.xml" rel="self" type="application/rss+xml" />
    
    
    <item>
      <title>Walid Magdy</title>
      <link>https://smash.inf.ed.ac.uk/people/walid/</link>
      <pubDate>Fri, 25 Jan 2019 17:07:01 +0000</pubDate>
      
      <guid>https://smash.inf.ed.ac.uk/people/walid/</guid>
      <description></description>
    </item>
    
  </channel>
</rss>