<?xml version="1.0" encoding="utf-8" standalone="yes" ?>
<rss version="2.0" xmlns:atom="http://www.w3.org/2005/Atom">
  <channel>
    <title>Overview on SMASH</title>
    <link>https://smash.inf.ed.ac.uk/tutorial/</link>
    <description>Recent content in Overview on SMASH</description>
    <generator>Hugo -- gohugo.io</generator>
    <language>en-us</language>
    <lastBuildDate>Sun, 09 Sep 2018 00:00:00 +0100</lastBuildDate>
    
	<atom:link href="https://smash.inf.ed.ac.uk/tutorial/index.xml" rel="self" type="application/rss+xml" />
    
    
    <item>
      <title>Mazajak</title>
      <link>https://smash.inf.ed.ac.uk/tutorial/mazajak/</link>
      <pubDate>Sun, 09 Sep 2018 00:00:00 +0100</pubDate>
      
      <guid>https://smash.inf.ed.ac.uk/tutorial/mazajak/</guid>
      <description>Mazajak: An Online Arabic Sentiment Analyser Sentiment analysis is one of the most useful natural language processing applications. There are many papers and systems addressing this task, but most of the work is focused on English. Therefore, we present Mazajak, an online system for Arabic sentiment analysis. The system is based on a deep learning model, which achieves state-of-the-art results on many Arabic dialect datasets including SemEval 2017 and ASTD.</description>
    </item>
    
  </channel>
</rss>