<?xml version="1.0" encoding="utf-8" standalone="yes" ?>
<rss version="2.0" xmlns:atom="http://www.w3.org/2005/Atom">
  <channel>
    <title>Tags on SMASH</title>
    <link>https://smash.inf.ed.ac.uk/tags/</link>
    <description>Recent content in Tags on SMASH</description>
    <generator>Hugo -- gohugo.io</generator>
    <language>en-us</language>
    <lastBuildDate>Sat, 17 Aug 2019 17:07:01 +0100</lastBuildDate>
    
	<atom:link href="https://smash.inf.ed.ac.uk/tags/index.xml" rel="self" type="application/rss+xml" />
    
    
    <item>
      <title>Post-docs</title>
      <link>https://smash.inf.ed.ac.uk/tags/post-docs/</link>
      <pubDate>Sat, 17 Aug 2019 17:07:01 +0100</pubDate>
      
      <guid>https://smash.inf.ed.ac.uk/tags/post-docs/</guid>
      <description></description>
    </item>
    
    <item>
      <title>Director</title>
      <link>https://smash.inf.ed.ac.uk/tags/director/</link>
      <pubDate>Fri, 25 Jan 2019 17:07:01 +0000</pubDate>
      
      <guid>https://smash.inf.ed.ac.uk/tags/director/</guid>
      <description></description>
    </item>
    
    <item>
      <title>Collaborators</title>
      <link>https://smash.inf.ed.ac.uk/tags/collaborators/</link>
      <pubDate>Sun, 20 Jan 2019 17:07:01 +0000</pubDate>
      
      <guid>https://smash.inf.ed.ac.uk/tags/collaborators/</guid>
      <description></description>
    </item>
    
    <item>
      <title>PhD Students</title>
      <link>https://smash.inf.ed.ac.uk/tags/phd-students/</link>
      <pubDate>Sat, 19 Jan 2019 17:07:01 +0000</pubDate>
      
      <guid>https://smash.inf.ed.ac.uk/tags/phd-students/</guid>
      <description></description>
    </item>
    
  </channel>
</rss>