<?xml version="1.0" encoding="utf-8" standalone="yes" ?>
<rss version="2.0" xmlns:atom="http://www.w3.org/2005/Atom">
  <channel>
    <title>Aldayel. A on SMASH</title>
    <link>https://smash.inf.ed.ac.uk/authors/aldayel.-a/</link>
    <description>Recent content in Aldayel. A on SMASH</description>
    <generator>Hugo -- gohugo.io</generator>
    <language>en-us</language>
    <lastBuildDate>Fri, 02 Aug 2019 00:00:00 +0100</lastBuildDate>
    
	<atom:link href="https://smash.inf.ed.ac.uk/authors/aldayel.-a/index.xml" rel="self" type="application/rss+xml" />
    
    
    <item>
      <title>Your Stance is Exposed! Analysing Possible Factors for Stance Detection on Social Media</title>
      <link>https://smash.inf.ed.ac.uk/publication/aldayel_cscw/</link>
      <pubDate>Fri, 02 Aug 2019 00:00:00 +0100</pubDate>
      
      <guid>https://smash.inf.ed.ac.uk/publication/aldayel_cscw/</guid>
      <description></description>
    </item>
    
    <item>
      <title> Assessing Sentiment of the Expressed Stance on Social Media</title>
      <link>https://smash.inf.ed.ac.uk/publication/aldayel_socinfo/</link>
      <pubDate>Mon, 01 Jul 2019 00:00:00 +0100</pubDate>
      
      <guid>https://smash.inf.ed.ac.uk/publication/aldayel_socinfo/</guid>
      <description></description>
    </item>
    
  </channel>
</rss>