<?xml version="1.0" encoding="utf-8" standalone="yes" ?>
<rss version="2.0" xmlns:atom="http://www.w3.org/2005/Atom">
  <channel>
    <title>Algotiml B. on SMASH</title>
    <link>https://smash.inf.ed.ac.uk/authors/algotiml-b./</link>
    <description>Recent content in Algotiml B. on SMASH</description>
    <generator>Hugo -- gohugo.io</generator>
    <language>en-us</language>
    <lastBuildDate>Tue, 28 May 2019 00:00:00 +0100</lastBuildDate>
    
	<atom:link href="https://smash.inf.ed.ac.uk/authors/algotiml-b./index.xml" rel="self" type="application/rss+xml" />
    
    
    <item>
      <title>Arabic Tweet-Act: Speech Act Recognition for Arabic Asynchronous Conversations</title>
      <link>https://smash.inf.ed.ac.uk/publication/algotimaal/</link>
      <pubDate>Tue, 28 May 2019 00:00:00 +0100</pubDate>
      
      <guid>https://smash.inf.ed.ac.uk/publication/algotimaal/</guid>
      <description></description>
    </item>
    
  </channel>
</rss>