<?xml version="1.0" encoding="utf-8" standalone="yes" ?>
<rss version="2.0" xmlns:atom="http://www.w3.org/2005/Atom">
  <channel>
    <title>Oprea S. on SMASH</title>
    <link>https://smash.inf.ed.ac.uk/authors/oprea-s./</link>
    <description>Recent content in Oprea S. on SMASH</description>
    <generator>Hugo -- gohugo.io</generator>
    <language>en-us</language>
    <lastBuildDate>Wed, 03 Jul 2019 00:00:00 +0100</lastBuildDate>
    
	<atom:link href="https://smash.inf.ed.ac.uk/authors/oprea-s./index.xml" rel="self" type="application/rss+xml" />
    
    
    <item>
      <title>Exploring Author Context for Detecting Intended vs Perceived Sarcasm</title>
      <link>https://smash.inf.ed.ac.uk/publication/solvio_acl/</link>
      <pubDate>Wed, 03 Jul 2019 00:00:00 +0100</pubDate>
      
      <guid>https://smash.inf.ed.ac.uk/publication/solvio_acl/</guid>
      <description></description>
    </item>
    
  </channel>
</rss>