<?xml version="1.0" encoding="utf-8" standalone="yes" ?>
<rss version="2.0" xmlns:atom="http://www.w3.org/2005/Atom">
  <channel>
    <title>Aldayel A on SMASH</title>
    <link>https://smash.inf.ed.ac.uk/authors/aldayel-a/</link>
    <description>Recent content in Aldayel A on SMASH</description>
    <generator>Hugo -- gohugo.io</generator>
    <language>en-us</language>
    <lastBuildDate>Wed, 29 May 2019 00:00:00 +0100</lastBuildDate>
    
	<atom:link href="https://smash.inf.ed.ac.uk/authors/aldayel-a/index.xml" rel="self" type="application/rss+xml" />
    
    
    <item>
      <title>It is more than what you Say! Leveraging User Online Activity for Improved Stance Detection</title>
      <link>https://smash.inf.ed.ac.uk/publication/aldayel/</link>
      <pubDate>Wed, 29 May 2019 00:00:00 +0100</pubDate>
      
      <guid>https://smash.inf.ed.ac.uk/publication/aldayel/</guid>
      <description></description>
    </item>
    
  </channel>
</rss>